{"cameraMode":{"drawMode":0,"name":"Shaded","section":"Shading Mode"},"sceneLighting":false,"audioPlay":false,"sceneViewState":{"showFog":true,"showMaterialUpdate":false,"showSkybox":false,"showFlares":true,"showImageEffects":true,"showParticleSystems":true},"in2DMode":false,"pivot":{"x":226.03155517578126,"y":1.2928218841552735,"z":227.3274383544922},"rotation":{"x":-0.1435355246067047,"y":0.153453528881073,"z":-0.02253534272313118,"w":-0.9774185419082642},"size":7.858663558959961,"orthographic":false}