{"cameraMode":{"drawMode":0,"name":"Shaded","section":"Shading Mode"},"sceneLighting":false,"audioPlay":false,"sceneViewState":{"showFog":true,"showMaterialUpdate":false,"showSkybox":false,"showFlares":true,"showImageEffects":true,"showParticleSystems":true},"in2DMode":false,"pivot":{"x":226.30723571777345,"y":2.442465305328369,"z":242.24258422851563},"rotation":{"x":-0.1435355246067047,"y":0.153453528881073,"z":-0.02253534272313118,"w":-0.9774185419082642},"size":15.123538970947266,"orthographic":false}