{"cameraMode":{"drawMode":0,"name":"Shaded","section":"Shading Mode"},"sceneLighting":false,"audioPlay":false,"sceneViewState":{"showFog":true,"showMaterialUpdate":false,"showSkybox":false,"showFlares":true,"showImageEffects":true,"showParticleSystems":true},"in2DMode":false,"pivot":{"x":230.0423126220703,"y":1.0297982692718506,"z":227.42904663085938},"rotation":{"x":-0.2662853002548218,"y":0.07194716483354569,"z":-0.019936297088861467,"w":-0.9610017538070679},"size":6.001430034637451,"orthographic":false}