{"cameraMode":{"drawMode":0,"name":"Shaded","section":"Shading Mode"},"sceneLighting":false,"audioPlay":false,"sceneViewState":{"showFog":true,"showMaterialUpdate":false,"showSkybox":false,"showFlares":true,"showImageEffects":true,"showParticleSystems":true},"in2DMode":false,"pivot":{"x":221.55064392089845,"y":1.2928218841552735,"z":227.60379028320313},"rotation":{"x":0.07825051248073578,"y":-0.7587891221046448,"z":0.09257558733224869,"w":0.6401405334472656},"size":7.858663558959961,"orthographic":false}