{"cameraMode":{"drawMode":0,"name":"Shaded","section":"Shading Mode"},"sceneLighting":false,"audioPlay":false,"sceneViewState":{"showFog":true,"showMaterialUpdate":false,"showSkybox":false,"showFlares":true,"showImageEffects":true,"showParticleSystems":true},"in2DMode":false,"pivot":{"x":222.3275909423828,"y":1.6278867721557618,"z":235.70980834960938},"rotation":{"x":-0.28674331307411196,"y":0.6323365569114685,"z":-0.27230730652809145,"w":-0.6663291454315186},"size":9.899741172790528,"orthographic":false}