{"cameraMode":{"drawMode":0,"name":"Shaded","section":"Shading Mode"},"sceneLighting":false,"audioPlay":false,"sceneViewState":{"showFog":true,"showMaterialUpdate":false,"showSkybox":false,"showFlares":true,"showImageEffects":true,"showParticleSystems":true},"in2DMode":false,"pivot":{"x":243.5478057861328,"y":1.0972017049789429,"z":234.00009155273438},"rotation":{"x":0.26156511902809145,"y":-0.07662899792194367,"z":0.020852617919445039,"w":0.9619247317314148},"size":8.359268188476563,"orthographic":false}