{"cameraMode":{"drawMode":0,"name":"Shaded","section":"Shading Mode"},"sceneLighting":false,"audioPlay":false,"sceneViewState":{"showFog":true,"showMaterialUpdate":false,"showSkybox":false,"showFlares":true,"showImageEffects":true,"showParticleSystems":true},"in2DMode":false,"pivot":{"x":246.16578674316407,"y":0.6737096309661865,"z":227.3753204345703},"rotation":{"x":-0.1435355246067047,"y":0.153453528881073,"z":-0.02253534272313118,"w":-0.9774185419082642},"size":7.560331344604492,"orthographic":false}