{"cameraMode":{"drawMode":0,"name":"Shaded","section":"Shading Mode"},"sceneLighting":false,"audioPlay":false,"sceneViewState":{"showFog":true,"showMaterialUpdate":false,"showSkybox":false,"showFlares":true,"showImageEffects":true,"showParticleSystems":true},"in2DMode":false,"pivot":{"x":-8.51650333404541,"y":1.4043948650360108,"z":-6.909999847412109},"rotation":{"x":-0.4761328101158142,"y":0.07124122232198715,"z":-0.03887913376092911,"w":-0.8757336735725403},"size":7.606596946716309,"orthographic":false}