{"cameraMode":{"drawMode":0,"name":"Shaded","section":"Shading Mode"},"sceneLighting":false,"audioPlay":false,"sceneViewState":{"showFog":true,"showMaterialUpdate":false,"showSkybox":false,"showFlares":true,"showImageEffects":true,"showParticleSystems":true},"in2DMode":false,"pivot":{"x":-15.056503295898438,"y":1.3803949356079102,"z":-7.070000171661377},"rotation":{"x":-0.286978155374527,"y":-0.163075253367424,"z":0.04957812279462814,"w":-0.942693293094635},"size":7.606598854064941,"orthographic":false}