{"cameraMode":{"drawMode":0,"name":"Shaded","section":"Shading Mode"},"sceneLighting":false,"audioPlay":false,"sceneViewState":{"showFog":true,"showMaterialUpdate":false,"showSkybox":false,"showFlares":true,"showImageEffects":true,"showParticleSystems":true},"in2DMode":false,"pivot":{"x":229.1174774169922,"y":1.2862919569015504,"z":231.18972778320313},"rotation":{"x":0.04677239805459976,"y":0.02932867407798767,"z":-0.0013731353683397174,"w":0.9984771609306336},"size":3.32224440574646,"orthographic":false}