{"cameraMode":{"drawMode":0,"name":"Shaded","section":"Shading Mode"},"sceneLighting":false,"audioPlay":false,"sceneViewState":{"showFog":true,"showMaterialUpdate":false,"showSkybox":false,"showFlares":true,"showImageEffects":true,"showParticleSystems":true},"in2DMode":false,"pivot":{"x":228.10108947753907,"y":1.2862919569015504,"z":231.3091583251953},"rotation":{"x":0.2795732915401459,"y":0.23814044892787934,"z":-0.07179306447505951,"w":0.9273509383201599},"size":4.822244644165039,"orthographic":false}