{"cameraMode":{"drawMode":0,"name":"Shaded","section":"Shading Mode"},"sceneLighting":false,"audioPlay":false,"sceneViewState":{"showFog":true,"showMaterialUpdate":false,"showSkybox":false,"showFlares":true,"showImageEffects":true,"showParticleSystems":true},"in2DMode":false,"pivot":{"x":226.5181884765625,"y":1.881075382232666,"z":241.83689880371095},"rotation":{"x":-0.1435355246067047,"y":0.153453528881073,"z":-0.02253534272313118,"w":-0.9774185419082642},"size":11.461135864257813,"orthographic":false}