{"cameraMode":{"drawMode":0,"name":"Shaded","section":"Shading Mode"},"sceneLighting":false,"audioPlay":false,"sceneViewState":{"showFog":true,"showMaterialUpdate":false,"showSkybox":false,"showFlares":true,"showImageEffects":true,"showParticleSystems":true},"in2DMode":false,"pivot":{"x":235.57113647460938,"y":1.9440357685089112,"z":247.02674865722657},"rotation":{"x":0.36139896512031557,"y":0.05729158967733383,"z":-0.022251883521676065,"w":0.9303897023200989},"size":13.111835479736329,"orthographic":false}