{"cameraMode":{"drawMode":0,"name":"Shaded","section":"Shading Mode"},"sceneLighting":false,"audioPlay":false,"sceneViewState":{"showFog":true,"showMaterialUpdate":false,"showSkybox":false,"showFlares":true,"showImageEffects":true,"showParticleSystems":true},"in2DMode":false,"pivot":{"x":237.20033264160157,"y":1.9440357685089112,"z":246.77943420410157},"rotation":{"x":-0.33360737562179568,"y":0.058556120842695239,"z":-0.02077944576740265,"w":-0.940676748752594},"size":13.111835479736329,"orthographic":false}