{"cameraMode":{"drawMode":0,"name":"Shaded","section":"Shading Mode"},"sceneLighting":false,"audioPlay":false,"sceneViewState":{"showFog":true,"showMaterialUpdate":false,"showSkybox":false,"showFlares":true,"showImageEffects":true,"showParticleSystems":true},"in2DMode":false,"pivot":{"x":-1.100000023841858,"y":0.8500000238418579,"z":-5.079999923706055},"rotation":{"x":-0.5781694054603577,"y":-0.013601887971162796,"z":0.009863745421171189,"w":-0.815891683101654},"size":4.578564643859863,"orthographic":false}