{"cameraMode":{"drawMode":0,"name":"Shaded","section":"Shading Mode"},"sceneLighting":false,"audioPlay":false,"sceneViewState":{"showFog":true,"showMaterialUpdate":false,"showSkybox":false,"showFlares":true,"showImageEffects":true,"showParticleSystems":true},"in2DMode":false,"pivot":{"x":-0.4533233642578125,"y":1.6296138763427735,"z":-0.030028104782104493},"rotation":{"x":-0.333954781293869,"y":-0.014987632632255555,"z":0.005323052406311035,"w":-0.9425764083862305},"size":9.546388626098633,"orthographic":false}