{"cameraMode":{"drawMode":0,"name":"Shaded","section":"Shading Mode"},"sceneLighting":false,"audioPlay":false,"sceneViewState":{"showFog":true,"showMaterialUpdate":false,"showSkybox":false,"showFlares":true,"showImageEffects":true,"showParticleSystems":true},"in2DMode":false,"pivot":{"x":-8.077285766601563,"y":1.2943989038467408,"z":-6.670000076293945},"rotation":{"x":-0.27723321318626406,"y":-0.16016508638858796,"z":0.046939667314291,"w":-0.9462751746177673},"size":7.126286029815674,"orthographic":false}