{"cameraMode":{"drawMode":0,"name":"Shaded","section":"Shading Mode"},"sceneLighting":false,"audioPlay":false,"sceneViewState":{"showFog":true,"showMaterialUpdate":false,"showSkybox":false,"showFlares":true,"showImageEffects":true,"showParticleSystems":true},"in2DMode":false,"pivot":{"x":-2.015000104904175,"y":0.46000000834465029,"z":-6.970000267028809},"rotation":{"x":-0.3602537214756012,"y":-0.60493403673172,"z":0.3540806472301483,"w":-0.6156356334686279},"size":4.949283599853516,"orthographic":false}