{"cameraMode":{"drawMode":0,"name":"Shaded","section":"Shading Mode"},"sceneLighting":false,"audioPlay":false,"sceneViewState":{"showFog":true,"showMaterialUpdate":false,"showSkybox":false,"showFlares":true,"showImageEffects":true,"showParticleSystems":true},"in2DMode":false,"pivot":{"x":25.4190616607666,"y":0.24000000953674317,"z":-30.306114196777345},"rotation":{"x":-0.16984744369983674,"y":-0.8301883935928345,"z":0.36923372745513918,"w":-0.3818042576313019},"size":9.006129264831543,"orthographic":false}