{"cameraMode":{"drawMode":0,"name":"Shaded","section":"Shading Mode"},"sceneLighting":false,"audioPlay":false,"sceneViewState":{"showFog":true,"showMaterialUpdate":false,"showSkybox":false,"showFlares":true,"showImageEffects":true,"showParticleSystems":true},"in2DMode":false,"pivot":{"x":5.631807327270508,"y":2.424132823944092,"z":2.9793224334716799},"rotation":{"x":-0.025067191570997239,"y":-0.8788896203041077,"z":0.047814980149269107,"w":-0.4743163287639618},"size":29.249420166015626,"orthographic":false}