{"cameraMode":{"drawMode":0,"name":"Shaded","section":"Shading Mode"},"sceneLighting":false,"audioPlay":false,"sceneViewState":{"showFog":true,"showMaterialUpdate":false,"showSkybox":false,"showFlares":true,"showImageEffects":true,"showParticleSystems":true},"in2DMode":false,"pivot":{"x":-0.4572855830192566,"y":1.4018526077270508,"z":-0.08000010251998902},"rotation":{"x":-0.2582264542579651,"y":-0.0957164466381073,"z":0.025725500658154489,"w":-0.9610252380371094},"size":7.126286029815674,"orthographic":false}