{"cameraMode":{"drawMode":0,"name":"Shaded","section":"Shading Mode"},"sceneLighting":false,"audioPlay":false,"sceneViewState":{"showFog":true,"showMaterialUpdate":false,"showSkybox":false,"showFlares":true,"showImageEffects":true,"showParticleSystems":true},"in2DMode":false,"pivot":{"x":5.809999942779541,"y":1.9066619873046876,"z":3.144887685775757},"rotation":{"x":-0.14591333270072938,"y":0.8522776961326599,"z":-0.38813984394073489,"w":-0.3193548619747162},"size":9.175275802612305,"orthographic":false}