{"cameraMode":{"drawMode":0,"name":"Shaded","section":"Shading Mode"},"sceneLighting":false,"audioPlay":false,"sceneViewState":{"showFog":true,"showMaterialUpdate":false,"showSkybox":false,"showFlares":true,"showImageEffects":true,"showParticleSystems":true},"in2DMode":false,"pivot":{"x":239.72653198242188,"y":1.0972017049789429,"z":234.55044555664063},"rotation":{"x":0.26156511902809145,"y":-0.07662899792194367,"z":0.020852617919445039,"w":0.9619247317314148},"size":8.77316951751709,"orthographic":false}