{"cameraMode":{"drawMode":0,"name":"Shaded","section":"Shading Mode"},"sceneLighting":false,"audioPlay":false,"sceneViewState":{"showFog":true,"showMaterialUpdate":false,"showSkybox":false,"showFlares":true,"showImageEffects":true,"showParticleSystems":true},"in2DMode":false,"pivot":{"x":217.6410369873047,"y":1.8702976703643799,"z":227.12106323242188},"rotation":{"x":-0.1435355246067047,"y":0.153453528881073,"z":-0.02253534272313118,"w":-0.9774185419082642},"size":7.378647804260254,"orthographic":false}